,FileName,ID,RandFile,RandID
0,103355.png,IM_40gVGuyOUADBAAC,491072.png,IM_2376dICF1KPzHLg
1,107450.png,IM_0PayclpCLttACQS,149503.png,IM_9BTT8igsvisC6gK
2,110268.png,IM_9oB764ARsMOiV5c,17955.png,IM_elYl9wUzdyG2w6O
3,114352.png,IM_a9LrMQPA64wYDiu,732180.png,IM_3KoVmgKBjPeWloy
4,120151.png,IM_4SLtsQ2WX6U3B54,618992.png,IM_0H9GQe07cTLJHme
5,121958.png,IM_cNNpc71xRy0NyzY,568550.png,IM_bK7sYYELtXDkYl0
6,125657.png,IM_3l7Ez0WUBpMVQt8,349457.png,IM_39SVmGML32WelYG
7,128148.png,IM_bwPlG4vmWKVI4Sy,791743.png,IM_3Qykhu9zfVWt9dk
8,128391.png,IM_0BaFTRSxWIC15KC,822352.png,IM_0fztb0ER6omK3SC
9,129473.png,IM_4ZsDfDTOnBWPYJU,239931.png,IM_2h1AzaKV6UI8ABM
10,129981.png,IM_3vFKP8peLUeTmce,329365.png,IM_3aeKWb8Ge121XZc
11,131932.png,IM_e5nl1BZWGOR062i,889765.png,IM_doJRwfdIVquTAXQ
12,135230.png,IM_3KHd3Fg4Q64wmqi,764121.png,IM_bwTkfzMPyVtfpj0
13,137337.png,IM_9moBbrGgXlz3cQS,385777.png,IM_26vWCk6A4hff3IG
14,139182.png,IM_9XOCJIo5uAMPLeK,912756.png,IM_ewZM6gerPHHWw3Y
15,149503.png,IM_9BTT8igsvisC6gK,858158.png,IM_0iCUkEWI0XhX8Kq
16,152617.png,IM_9ZDLAz6MKAqpXLg,288790.png,IM_2ugPOfYDCdks85w
17,155576.png,IM_86QsGvybUylrWLQ,718315.png,IM_9FdmJxnbiV3sCCW
18,156542.png,IM_1YBxkJUr661ifhs,416880.png,IM_bJdBVAnmhWCqZMi
19,156730.png,IM_6sSvHaINUoQGvhI,347449.png,IM_5pfguwRzR9UErAO
20,157164.png,IM_3rcdgEXTXkUMk8S,612210.png,IM_1YcIY2jgz7d0JQW
21,158823.png,IM_3QsggWfhT3LEb66,152617.png,IM_9ZDLAz6MKAqpXLg
22,171829.png,IM_2f6LLTsGlH0h2IK,691095.png,IM_4N1Y03Lt9pIH8NM
23,171836.png,IM_6r44OjYSS5b1fee,486232.png,IM_81cec0sfqsKV3eK
24,171890.png,IM_djqSzhm2P3gBSd0,328947.png,IM_cVnsqYQ7i0L6Tzw
25,173416.png,IM_cUaTi0IvIeZxhCS,314877.png,IM_8IFC3oFN7XmCEqW
26,175203.png,IM_8j2Z5ZUantM5X5s,421909.png,IM_eDKXAKJTq1GLhZA
27,177247.png,IM_0fgdHMD33jUSEg6,331236.png,IM_1WYYG87j4nJ3qHc
28,177789.png,IM_5C1pgDR2ELzb3WC,61476.png,IM_0jo7rYtRsboXf94
29,177804.png,IM_bK2x4WyqDkKyC6q,627438.png,IM_3f6LlKEEdGyopD0
30,17955.png,IM_elYl9wUzdyG2w6O,129473.png,IM_4ZsDfDTOnBWPYJU
31,184779.png,IM_23ix283CCVMmut8,156542.png,IM_1YBxkJUr661ifhs
32,191335.png,IM_5uQDlKpZAvDtlQy,286103.png,IM_5o1gLBnBpNalpdk
33,197775.png,IM_57mddUwFqpHCMBw,365890.png,IM_8qvmtV3WHsBWWvc
34,199041.png,IM_5tqnlOHIChBJMKa,702965.png,IM_77od8SD1Y9JX7QG
35,20056.png,IM_8AHA6BdGg3AJRJ4,527035.png,IM_6z2LOx9xt1yd9bg
36,214176.png,IM_6A9IOp0iH0g5vJY,644167.png,IM_0AOCk0LZRFoEvVc
37,218126.png,IM_6WjqTAXcNITy0gS,64820.png,IM_0DQSlsdS5Cniu1w
38,220884.png,IM_74LOfv4tC5VvIvc,760463.png,IM_87Yq4NMq3MqpIwK
39,220984.png,IM_8rld9YorQHMPKku,366326.png,IM_7UrT8BxO33QLK1o
40,22671.png,IM_aW7dhnCvx1bEQui,39081.png,IM_5binHf70xCg4wXc
41,231915.png,IM_0BBICKaspUZ7ncq,978217.png,IM_bdygLPtGhwjOQLA
42,235167.png,IM_9Sv090tMtid9xK6,220884.png,IM_74LOfv4tC5VvIvc
43,235362.png,IM_7QaAVdwBd68q0iG,171890.png,IM_djqSzhm2P3gBSd0
44,235796.png,IM_aWRO3tlHvEAivs2,601863.png,IM_eeZC9cvDNjysKZo
45,239931.png,IM_2h1AzaKV6UI8ABM,969587.png,IM_3smVqnNe6YJJgTY
46,248710.png,IM_5BGXyliLU3FU2Kq,177804.png,IM_bK2x4WyqDkKyC6q
47,252764.png,IM_2to8SgzuJiAHit0,156730.png,IM_6sSvHaINUoQGvhI
48,256840.png,IM_byHMIjN9lWvelAG,665987.png,IM_0v7GMtWx5t9zxcO
49,258795.png,IM_cCLhR9xjccfakWW,43585.png,IM_3kKjpcCSSzZZLTw
50,259178.png,IM_eW1lVCKngFPNjka,565894.png,IM_5hhQ1U7efXK9hJk
51,269536.png,IM_aW85cylNHacJfHU,822209.png,IM_2htnSFyhMHAOGQC
52,270936.png,IM_4USOCSyk2woiC90,121958.png,IM_cNNpc71xRy0NyzY
53,273538.png,IM_3KPsZkzeTDIhdZA,61629.png,IM_3q17iChxU3kpPQW
54,278167.png,IM_08SLVBLrDHnBlUG,579879.png,IM_6mXplCFnFOYJybI
55,286103.png,IM_5o1gLBnBpNalpdk,365838.png,IM_4YhNU9SjNCOmquq
56,288790.png,IM_2ugPOfYDCdks85w,654811.png,IM_8IbCmFCI8qyRa7A
57,291999.png,IM_e8PkYNH6fIISiYm,501108.png,IM_eOEFWXs8JArpRMq
58,298356.png,IM_9tsGTBrOZfayGHQ,805889.png,IM_9nyC2zxrmhePWxE
59,312252.png,IM_507BVd4aUFLCXjg,500186.png,IM_b3l9Adjm8nyUttY
60,314877.png,IM_8IFC3oFN7XmCEqW,790180.png,IM_9yu742AMDdaPTpA
61,319030.png,IM_cOdP642nWxXxwBU,500328.png,IM_7TYCjOguLWQpVCC
62,321879.png,IM_aXAUn4jaLvR0GP4,184779.png,IM_23ix283CCVMmut8
63,327069.png,IM_7OLkCbbEl467BnE,135230.png,IM_3KHd3Fg4Q64wmqi
64,32711.png,IM_eLNEqBvC6LOePxs,20056.png,IM_8AHA6BdGg3AJRJ4
65,328947.png,IM_cVnsqYQ7i0L6Tzw,592673.png,IM_9mLPS5uzSL9KQ0C
66,329365.png,IM_3aeKWb8Ge121XZc,235167.png,IM_9Sv090tMtid9xK6
67,331236.png,IM_1WYYG87j4nJ3qHc,924618.png,IM_23kJN8mGlIE6TCm
68,347449.png,IM_5pfguwRzR9UErAO,461243.png,IM_2nNAOrBPFQbYW58
69,349457.png,IM_39SVmGML32WelYG,648143.png,IM_2nKILRwLxOG2nUW
70,350605.png,IM_0kXNDaNNMGoSC2i,269536.png,IM_aW85cylNHacJfHU
71,351279.png,IM_7WCDeixyxqkuN4G,618467.png,IM_eFJzuuBcpkaE2xg
72,364167.png,IM_1ZCI30kxFxp8qbQ,750201.png,IM_dpqisdoqauIs4Hs
73,365838.png,IM_4YhNU9SjNCOmquq,231915.png,IM_0BBICKaspUZ7ncq
74,365871.png,IM_0vRfVyblxnjtzTM,591723.png,IM_8HSBnpFuyhdpwGy
75,365890.png,IM_8qvmtV3WHsBWWvc,564685.png,IM_8Jp0v5dm3364QIu
76,366326.png,IM_7UrT8BxO33QLK1o,175203.png,IM_8j2Z5ZUantM5X5s
77,384681.png,IM_6JpltCAQwUhAwjI,650308.png,IM_b71tvGYboN3t8ea
78,385777.png,IM_26vWCk6A4hff3IG,51663.png,IM_238yglqNlUzPczQ
79,39081.png,IM_5binHf70xCg4wXc,555839.png,IM_6JOjzTqw6tCpBFY
80,400573.png,IM_br9z4MkhFFSxpIO,110268.png,IM_9oB764ARsMOiV5c
81,41090.png,IM_5APSMuRUlUJD2OW,384681.png,IM_6JpltCAQwUhAwjI
82,416880.png,IM_bJdBVAnmhWCqZMi,248710.png,IM_5BGXyliLU3FU2Kq
83,420571.png,IM_5orxn0pHNx7bIbA,917040.png,IM_4OfVAlDTQVRKeIm
84,421909.png,IM_eDKXAKJTq1GLhZA,941970.png,IM_3WwuoAzIhdeeA6y
85,435564.png,IM_8q7251IN0BZqVXE,435564.png,IM_8q7251IN0BZqVXE
86,43585.png,IM_3kKjpcCSSzZZLTw,743974.png,IM_bl04LrVUmBUqfH0
87,439792.png,IM_bpVi9y1Du9eMB5I,214176.png,IM_6A9IOp0iH0g5vJY
88,452366.png,IM_da7TeqOqmmPf9DE,941218.png,IM_40hgjMsKo8xvW50
89,454351.png,IM_4H0vVskKvSPw4gm,319030.png,IM_cOdP642nWxXxwBU
90,461243.png,IM_2nNAOrBPFQbYW58,171829.png,IM_2f6LLTsGlH0h2IK
91,473254.png,IM_bKq3dSjLXhbVCLQ,65725.png,IM_3CuMC7Oqfk7IjLU
92,482690.png,IM_20lJlrP6o5L1cbk,519332.png,IM_1SabSC3eh9FUyUK
93,486232.png,IM_81cec0sfqsKV3eK,197775.png,IM_57mddUwFqpHCMBw
94,489492.png,IM_2gzQSTBclBOd1Vc,131932.png,IM_e5nl1BZWGOR062i
95,491072.png,IM_2376dICF1KPzHLg,955592.png,IM_8oBnB0Tuuyr4bGe
96,500186.png,IM_b3l9Adjm8nyUttY,734965.png,IM_5dvHB4udHfFjVB4
97,500328.png,IM_7TYCjOguLWQpVCC,125657.png,IM_3l7Ez0WUBpMVQt8
98,501108.png,IM_eOEFWXs8JArpRMq,177247.png,IM_0fgdHMD33jUSEg6
99,516349.png,IM_4IKdT5SoYtPJ14i,593128.png,IM_cA68ctKJqTKyArI
100,51663.png,IM_238yglqNlUzPczQ,120151.png,IM_4SLtsQ2WX6U3B54
101,519332.png,IM_1SabSC3eh9FUyUK,191335.png,IM_5uQDlKpZAvDtlQy
102,521430.png,IM_3TNT4Mjucd89QIC,660890.png,IM_787iZwPVFnUqzxs
103,52528.png,IM_8jHDaTzthfngzAy,681669.png,IM_8u27yOiUoQwMyfc
104,527035.png,IM_6z2LOx9xt1yd9bg,543176.png,IM_3rqaxRwf3vk1MfY
105,528178.png,IM_bOs6zeGBwZWA3QO,671155.png,IM_8InKDaNGvG5Ztk2
106,529036.png,IM_eQAHMbp4s9JgX4y,129981.png,IM_3vFKP8peLUeTmce
107,536226.png,IM_bKRCB746W0OECGi,321879.png,IM_aXAUn4jaLvR0GP4
108,539439.png,IM_eVsBSAf2axynJ78,559042.png,IM_3PkQWmBVrNZZgF0
109,543176.png,IM_3rqaxRwf3vk1MfY,690607.png,IM_8ii6IxVnENaMBpk
110,54886.png,IM_bCm1NZginLVssOq,772838.png,IM_eu2EoBk2Ea23Uzk
111,555839.png,IM_6JOjzTqw6tCpBFY,103355.png,IM_40gVGuyOUADBAAC
112,559042.png,IM_3PkQWmBVrNZZgF0,989436.png,IM_dd30cf0fa6n1SzY
113,564685.png,IM_8Jp0v5dm3364QIu,721747.png,IM_bCvK8ZSgy2VFAWi
114,565894.png,IM_5hhQ1U7efXK9hJk,350605.png,IM_0kXNDaNNMGoSC2i
115,568550.png,IM_bK7sYYELtXDkYl0,607086.png,IM_4T9U2ylfXMHn0Jo
116,573665.png,IM_9ZyFGKl6IneKPbM,32711.png,IM_eLNEqBvC6LOePxs
117,579879.png,IM_6mXplCFnFOYJybI,235796.png,IM_aWRO3tlHvEAivs2
118,591723.png,IM_8HSBnpFuyhdpwGy,755073.png,IM_2ay2HrDdDLCQtUi
119,592673.png,IM_9mLPS5uzSL9KQ0C,177789.png,IM_5C1pgDR2ELzb3WC
120,593128.png,IM_cA68ctKJqTKyArI,22671.png,IM_aW7dhnCvx1bEQui
121,601661.png,IM_5A0Kc3amSwokjv8,539439.png,IM_eVsBSAf2axynJ78
122,601863.png,IM_eeZC9cvDNjysKZo,725256.png,IM_bCr97YmAekdgn6m
123,607086.png,IM_4T9U2ylfXMHn0Jo,72991.png,IM_1LVi5SuJGywEeLs
124,612210.png,IM_1YcIY2jgz7d0JQW,173416.png,IM_cUaTi0IvIeZxhCS
125,61476.png,IM_0jo7rYtRsboXf94,171836.png,IM_6r44OjYSS5b1fee
126,61629.png,IM_3q17iChxU3kpPQW,902648.png,IM_3EJDoujzGqh8Mom
127,618467.png,IM_eFJzuuBcpkaE2xg,690907.png,IM_6VhmNlruZeL4UBg
128,618992.png,IM_0H9GQe07cTLJHme,41090.png,IM_5APSMuRUlUJD2OW
129,623094.png,IM_efYIif8Iz6nfPim,220984.png,IM_8rld9YorQHMPKku
130,627083.png,IM_eJUYXBIqngacT5A,787201.png,IM_2gZMg1FmTNn9TYa
131,627234.png,IM_a44vQByDCzcphP0,252764.png,IM_2to8SgzuJiAHit0
132,627438.png,IM_3f6LlKEEdGyopD0,489492.png,IM_2gzQSTBclBOd1Vc
133,631347.png,IM_3WrABquyWEpWa7s,721772.png,IM_0SrLeyRQtR3Xg46
134,638353.png,IM_0iiHWafd30ZJj14,235362.png,IM_7QaAVdwBd68q0iG
135,644167.png,IM_0AOCk0LZRFoEvVc,648663.png,IM_8eu90eA8rw5Hnh4
136,648143.png,IM_2nKILRwLxOG2nUW,114352.png,IM_a9LrMQPA64wYDiu
137,64820.png,IM_0DQSlsdS5Cniu1w,528178.png,IM_bOs6zeGBwZWA3QO
138,648663.png,IM_8eu90eA8rw5Hnh4,273538.png,IM_3KPsZkzeTDIhdZA
139,650308.png,IM_b71tvGYboN3t8ea,631347.png,IM_3WrABquyWEpWa7s
140,654811.png,IM_8IbCmFCI8qyRa7A,874371.png,IM_3F22UOVI0tcV2R0
141,65725.png,IM_3CuMC7Oqfk7IjLU,870910.png,IM_bPdmhigOhrYpoFg
142,660890.png,IM_787iZwPVFnUqzxs,905778.png,IM_6lKF3cARVBX9iPc
143,665987.png,IM_0v7GMtWx5t9zxcO,258795.png,IM_cCLhR9xjccfakWW
144,671155.png,IM_8InKDaNGvG5Ztk2,400573.png,IM_br9z4MkhFFSxpIO
145,681669.png,IM_8u27yOiUoQwMyfc,199041.png,IM_5tqnlOHIChBJMKa
146,690607.png,IM_8ii6IxVnENaMBpk,128148.png,IM_bwPlG4vmWKVI4Sy
147,690907.png,IM_6VhmNlruZeL4UBg,54886.png,IM_bCm1NZginLVssOq
148,691095.png,IM_4N1Y03Lt9pIH8NM,473254.png,IM_bKq3dSjLXhbVCLQ
149,699438.png,IM_7ZAwQAhn0wNxfPo,420571.png,IM_5orxn0pHNx7bIbA
150,702965.png,IM_77od8SD1Y9JX7QG,856703.png,IM_2aGS03CJW9HOMD4
151,704107.png,IM_aYq27r0cwHW8lZs,87498.png,IM_8HaRJ3FXUUBxTn0
152,718315.png,IM_9FdmJxnbiV3sCCW,454351.png,IM_4H0vVskKvSPw4gm
153,721747.png,IM_bCvK8ZSgy2VFAWi,128391.png,IM_0BaFTRSxWIC15KC
154,721772.png,IM_0SrLeyRQtR3Xg46,137337.png,IM_9moBbrGgXlz3cQS
155,725256.png,IM_bCr97YmAekdgn6m,312252.png,IM_507BVd4aUFLCXjg
156,72991.png,IM_1LVi5SuJGywEeLs,791971.png,IM_1RAxDRT94NY8JDM
157,731899.png,IM_ba5zWVIvCMx8Qvk,627234.png,IM_a44vQByDCzcphP0
158,732180.png,IM_3KoVmgKBjPeWloy,155576.png,IM_86QsGvybUylrWLQ
159,734965.png,IM_5dvHB4udHfFjVB4,364167.png,IM_1ZCI30kxFxp8qbQ
160,734994.png,IM_78PbmM5EzcnBaXY,84654.png,IM_ezFbCyklzfeE5BI
161,743974.png,IM_bl04LrVUmBUqfH0,638353.png,IM_0iiHWafd30ZJj14
162,750201.png,IM_dpqisdoqauIs4Hs,776997.png,IM_d6z36GlvDqTXvxA
163,755073.png,IM_2ay2HrDdDLCQtUi,899159.png,IM_0ByUTpmyE84Iusm
164,760463.png,IM_87Yq4NMq3MqpIwK,327069.png,IM_7OLkCbbEl467BnE
165,764121.png,IM_bwTkfzMPyVtfpj0,278167.png,IM_08SLVBLrDHnBlUG
166,772838.png,IM_eu2EoBk2Ea23Uzk,536226.png,IM_bKRCB746W0OECGi
167,776997.png,IM_d6z36GlvDqTXvxA,259178.png,IM_eW1lVCKngFPNjka
168,787201.png,IM_2gZMg1FmTNn9TYa,973324.png,IM_5vjsSBPC7QXswM6
169,790180.png,IM_9yu742AMDdaPTpA,298356.png,IM_9tsGTBrOZfayGHQ
170,791743.png,IM_3Qykhu9zfVWt9dk,256840.png,IM_byHMIjN9lWvelAG
171,791971.png,IM_1RAxDRT94NY8JDM,452366.png,IM_da7TeqOqmmPf9DE
172,805889.png,IM_9nyC2zxrmhePWxE,158823.png,IM_3QsggWfhT3LEb66
173,822209.png,IM_2htnSFyhMHAOGQC,291999.png,IM_e8PkYNH6fIISiYm
174,822352.png,IM_0fztb0ER6omK3SC,734994.png,IM_78PbmM5EzcnBaXY
175,84654.png,IM_ezFbCyklzfeE5BI,953277.png,IM_9p1sBfM9sGQwgqG
176,856703.png,IM_2aGS03CJW9HOMD4,623094.png,IM_efYIif8Iz6nfPim
177,858158.png,IM_0iCUkEWI0XhX8Kq,218126.png,IM_6WjqTAXcNITy0gS
178,870910.png,IM_bPdmhigOhrYpoFg,731899.png,IM_ba5zWVIvCMx8Qvk
179,873332.png,IM_cNfgxJLaF4BO4M6,954698.png,IM_cGhZEi8o3TMqlbE
180,874371.png,IM_3F22UOVI0tcV2R0,107450.png,IM_0PayclpCLttACQS
181,87498.png,IM_8HaRJ3FXUUBxTn0,270936.png,IM_4USOCSyk2woiC90
182,889765.png,IM_doJRwfdIVquTAXQ,699438.png,IM_7ZAwQAhn0wNxfPo
183,899159.png,IM_0ByUTpmyE84Iusm,627083.png,IM_eJUYXBIqngacT5A
184,902648.png,IM_3EJDoujzGqh8Mom,704107.png,IM_aYq27r0cwHW8lZs
185,905778.png,IM_6lKF3cARVBX9iPc,52528.png,IM_8jHDaTzthfngzAy
186,912756.png,IM_ewZM6gerPHHWw3Y,516349.png,IM_4IKdT5SoYtPJ14i
187,917040.png,IM_4OfVAlDTQVRKeIm,573665.png,IM_9ZyFGKl6IneKPbM
188,918232.png,IM_0cC7W0tHyG2e3Ii,439792.png,IM_bpVi9y1Du9eMB5I
189,924618.png,IM_23kJN8mGlIE6TCm,365871.png,IM_0vRfVyblxnjtzTM
190,941218.png,IM_40hgjMsKo8xvW50,601661.png,IM_5A0Kc3amSwokjv8
191,941970.png,IM_3WwuoAzIhdeeA6y,990198.png,IM_e9YLqGLvtRk2R4q
192,953277.png,IM_9p1sBfM9sGQwgqG,157164.png,IM_3rcdgEXTXkUMk8S
193,954698.png,IM_cGhZEi8o3TMqlbE,918232.png,IM_0cC7W0tHyG2e3Ii
194,955592.png,IM_8oBnB0Tuuyr4bGe,351279.png,IM_7WCDeixyxqkuN4G
195,969587.png,IM_3smVqnNe6YJJgTY,529036.png,IM_eQAHMbp4s9JgX4y
196,973324.png,IM_5vjsSBPC7QXswM6,139182.png,IM_9XOCJIo5uAMPLeK
197,978217.png,IM_bdygLPtGhwjOQLA,482690.png,IM_20lJlrP6o5L1cbk
198,989436.png,IM_dd30cf0fa6n1SzY,873332.png,IM_cNfgxJLaF4BO4M6
199,990198.png,IM_e9YLqGLvtRk2R4q,521430.png,IM_3TNT4Mjucd89QIC